164.58884565683272,33.97170475708637,30.223636494120118,58.521894782386966,2.7156859117162084,0.5697170677384575,0.8966740227761533,151.78146017038483,5.178451313802364,4.0319045235152595,1.4205030514419377,0.5400723035879704,-0.009993189580161793,-0.36577360046114954,-0.8549360917252475,-0.8751101887435287,2.0299375011540572,1.365727587664224,-1.4134172237490354,6.237750174518364,14.334052562020517,0.15005120059590205
328.7037329185238,67.61824469993272,60.53565529072718,118.03625094845808,3.658727382023822,1.5162736715520062,1.5859433497606383,303.4363540092959,8.850705070081704,6.3624367804457265,3.9299629247538217,1.677262736413899,0.13648549332041404,-0.07278154713738644,-0.426573877620254,-0.38627293159680176,2.3229295544778203,1.3830028114387005,-1.388995239316482,12.760309349196117,26.632839957251058,1.5067214080719604
492.3216744149958,101.1629066104988,90.756225711207,177.3709287151265,4.598939099138308,2.4599671436943953,2.2731296124679625,454.6320935044035,12.511856155575774,8.685978100588454,6.431781599076311,2.8110362020813273,0.28250553120803634,0.2193142322392303,0.00048781208143194865,0.10111174363558473,2.615025333854437,1.4002236406563846,-1.3646461930396272,19.263411343661268,38.89463534514303,2.8592835902702722
655.4441744119123,134.60599887580906,120.88562457178746,236.5264719728238,5.536329628784263,3.400806150927603,2.958239116379099,605.3700685259148,16.161938178311054,11.002549645661482,8.925982204485306,3.9414030438243266,0.4280683124111568,0.5105164507094755,0.4262529140955276,0.5870482339507482,2.9062275523246823,1.4173902399707854,-1.3403698641330841,25.747115055222444,51.119550701308995,4.207750182272897
818.0727326214919,167.94782894939368,150.92412785076772,295.50342296561337,6.47090751075765,4.3387993337791295,3.6412781478881926,755.6516647368696,19.800984644581792,13.312172513325873,11.412587801041465,5.068373573567772,0.5731752210557265,0.8008278131016902,0.8507253532212261,1.0715409230360002,3.1965389147168968,1.4345027735370022,-1.3161660324797877,32.21147920290483,63.307697662408884,5.552133581520636
980.2088442162917,201.18870335411424,180.8720106910546,354.302322296174,7.402681259004283,5.273955306621412,4.322252974360335,905.4782636058756,23.42902895925796,15.614867737379607,13.891621379002139,6.1919580720221195,0.7178276370779171,1.0902510160566412,1.2739090423772677,1.5545941813091353,3.485962117671848,1.4515614050132333,-1.292034478628972,38.65656232798985,75.45918752717603,6.892446147926954
1141.8539998429487,234.32892768498104,210.72954740269137,412.9237089307683,8.331659361698078,6.206282657750991,5.001169844189169,1054.8512424198045,27.046104426092253,17.9106562879509,16.363105859032668,7.312166788777887,0.8620269362368035,1.3787887480523051,1.695807882637902,2.036212365958598,3.774499849667512,1.4685662975622802,-1.2679749837941534,45.08242279455319,87.57413125744006,8.228700203991602
1303.0096856358805,267.3688066119616,240.49701146537873,471.36812020419643,9.25785028131906,7.13578994946745,5.678034986854312,1203.7719742964512,30.652244248026186,20.199559071690935,18.827064092417043,8.429009942399862,1.0057744901270078,1.6664436894285768,2.1164257632687424,2.5163998209835285,4.062154791043784,1.4855176138530468,-1.24398732985112,51.48911879000119,99.65263947914676,9.560908034913847
1463.6773832309427,300.3086438827807,270.17467553098845,529.6360918247342,10.181262454731145,8.062485718152104,6.352854612978612,1352.2418281971525,34.24748152749524,22.481596931966003,21.283518861267915,9.54249772052101,1.1490716661913054,1.9532185124119037,2.53576656176251,2.995160877233687,4.348929614027111,1.5024155160620347,-1.2200712993359262,57.87670832560568,111.69482248337472,10.889081888705396
1623.8585697790477,333.1487423257123,299.7628114260691,587.7281578790569,11.101904293259679,8.986378474346452,7.025634914385225,1500.26216893937,37.83184926673311,24.75679064904907,23.732492878735982,10.652640279936115,1.2919198277331925,2.2391158811398464,2.9538341438746714,3.4724998524492565,4.634826982755054,1.5192601658748337,-1.1962266754428947,64.24524923703706,123.70079022734907,12.213233976302954
1783.554717959739,365.8894038523624,329.2616901543444,645.6448508371478,12.01978418276874,9.907476702830403,7.696382064154523,1647.8343572092324,41.40538036807501,27.025160940310766,26.174008789218746,11.759447746695114,1.4343203339294157,2.524138451685562,3.370632363658967,3.948421051300527,4.919849553300769,1.5360517244876077,-1.1724532420226237,70.59479918489593,135.67065233545202,13.533376471680457
1942.7672959947279,398.5309294604442,358.67158189920394,703.386701557192,12.934910483738214,10.825788862700252,8.365102216680832,1794.9597495740425,44.96810763426006,29.286728460409787,28.608089168568622,12.862930216196178,1.5762745398424645,2.808288872082217,3.7861650635028323,4.422928765427458,5.203999973697424,1.552790352608577,-1.1487507835800004,76.92541565524299,147.60451810023034,14.849521511960953
2101.4977676613858,431.07361923654406,387.9927560261861,760.9542392904552,13.847291531340634,11.741323387446421,9.03180150772899,1941.639698494744,48.520063768732776,31.54151380148273,31.034756524300423,13.96309775327848,1.717783796433024,3.0915697823473227,4.200436074162712,4.89602727347912,5.48728088396253,1.5694762104594933,-1.1251190852722204,83.23715596012735,159.5024964833999,16.16168119752816
2259.747592306199,463.51777235887977,417.22548108545413,818.347991686148,14.75693563551778,12.654088685030978,9.696486054490741,2087.8755523383516,52.06128137594364,33.78953749333334,33.45403329579823,15.059960392314714,1.8588494505723925,3.3739838145070014,4.613449214799269,5.367720841153021,5.769694916122209,1.5861094577771149,-1.101557932906813,89.53007723811335,171.36469611684714,17.469867592137664
2417.5182248581787,495.8636871000502,446.37002481426396,875.5684847962752,15.663851081057059,13.564093137964901,10.359161955640957,2233.668655390344,55.59179296164876,36.0308200036212,35.86594185452162,16.1535281373033,1.9994728450548593,3.655533592620174,5.025208293012482,5.838013721234309,6.051244694235381,1.6026902538146726,-1.078067112939673,95.8042364548056,183.19122530362733,18.774092723027803
2574.8111158422357,528.1116608297765,475.426654139425,932.6162430804711,16.56804612766765,14.471345103385131,11.019835291393688,2379.0203478670187,59.11163093320858,38.26538173804985,38.27050450421127,17.243810961960346,2.139655318610046,3.936221732802678,5.435717104876641,6.306910153634857,6.331932834417885,1.6192187573433345,-1.0546464124730979,102.05969040337263,194.9821920189601,20.0743685810302
2731.62771139251,560.2619900176352,504.39563517975347,989.4917894108189,17.469529010056405,15.375852913131368,11.678512123558043,2523.9319659278085,62.62082759988579,40.493243040554304,40.66774348109394,18.330818809811298,2.2793982059152107,4.216050843251311,5.844979434975239,6.774414365432236,6.611761944866518,1.635695126653665,-1.0312956192538307,108.29649570506876,206.73770391122164,21.370707120679974
2887.9694532656613,592.3149702357829,533.2772332485181,1046.1956450766568,18.368307938003543,16.277624873822653,12.335198495593904,2668.404841687563,66.11941517314223,42.71442419348806,43.05768095408687,19.414561594282333,2.4187028376075137,4.495023524267802,6.25299905643575,7.2405305709085575,6.89073462588301,1.6521195195570795,-1.0080145216711103,114.5147088097546,218.4578683029343,22.663120260325602
3043.8377788541216,624.2708961616729,562.0717128558784,1102.7283297893684,19.2643910964381,17.17666926693371,12.989900432667467,2812.4403032287914,69.60742576693492,44.928945417809466,45.44033902500148,20.495049198791474,2.5575705402962488,4.773142368282712,6.659779730964311,7.705262971589211,7.168853469897919,1.6684920933872944,-0.9848029087547255,120.71438599641573,230.14279219175265,23.95161988223846
3199.2341211993034,656.1300615807635,590.7793377113163,1159.0903616871603,20.157786645513152,18.072994348871063,13.642623941706619,2956.0396746138676,73.08489139801128,47.136826873267616,47.815739728746536,21.57229147683942,2.696002636575033,5.0504099598792545,7.06532520888029,8.168615756281477,7.446121061494462,1.684813005001774,-0.9616605701730769,126.89558337368007,241.79258225144716,25.236217832722033
3354.159909004773,687.8927593892179,619.4003707260589,1215.282257339823,21.048502720680812,18.966608351048908,14.293375011456146,3099.2042758971998,76.55184398620328,49.33808865858759,50.18390503353066,22.646298252100113,2.8340004450339653,5.326828875817056,7.469639229150757,8.630593101113025,7.722539977432263,1.7010824107831712,-0.938587296231243,133.0583568803335,253.40734483288443,26.516925922220782
3508.6165666493785,719.5592815965963,647.9350740154956,1271.304531753479,21.936547432767007,19.85751947996477,14.942159612532771,3241.935423137363,80.0083153547209,51.53275081165518,52.54485684106422,23.71707931851101,2.9715652802717423,5.602401685055835,7.872725519424849,9.091199169570295,7.998112786671042,1.7173004666407659,-0.9155828778690538,139.2027622858339,264.98718596500464,27.793755925428698
3662.605514200343,751.1299193285395,676.3837089015866,1327.1576983753164,22.82192886804601,20.745735917274928,15.588983697480032,3384.2344284091946,83.45433723044458,53.72083330970108,54.89861698676062,24.78464444036312,3.1086984529077424,5.877130948779012,8.274587796068026,9.550438112536762,8.27284205039422,1.7334673280118964,-0.8926471066591687,145.3288551908239,276.5322113557961,29.06671958139752
3816.1281674263146,782.6049628294447,704.746535915265,1382.8422690983068,23.704655088314777,21.631265819869615,16.23385320082299,3526.1025998158516,86.88994124421676,55.902356069484455,57.24520723993702,25.849003352390717,3.2454012695940704,6.1510192204172505,8.675229764196231,10.008314068331087,8.546730322032458,1.7495831498633891,-0.8697797748051613,151.4366910276417,288.0425263932667,30.335828593644617
3969.18593781038,813.9847014651331,733.0238147988309,1438.3587542659113,24.584734130967014,22.514117319947974,16.87677403912276,3667.541241500836,90.31515893113264,58.077338947476015,59.58464930401435,26.91016575986083,3.381675033027567,6.424069045671923,9.074655117709938,10.464831162745151,8.81978014728713,1.7656480866929827,-0.8469806751396097,157.5263250608306,299.51823614641256,31.601094630260555
4121.780232563035,845.269423725509,761.215804508339,1493.7076626767698,25.462174009067073,23.394298525092804,17.517752111030912,3808.551653659977,93.73002173083005,60.245801740040505,61.91696481671684,27.968141338662434,3.5175210419617806,6.696282962538509,9.472867539328103,10.919993509081971,9.091994064153717,1.7816622925307475,-0.824249601122192,163.59781238764697,310.9594453661837,32.86252932401634
4273.912454635117,876.4594172272117,789.3227632159783,1548.889501589378,26.33698271142358,24.271817518345074,18.156793297343654,3949.1351325533847,97.13456098777829,62.407764183618625,64.24217535027084,29.02293973539537,3.6529405912189046,6.967663501329921,9.869870700622014,11.373805208193508,9.363374602945127,1.7976259209405019,-0.8015863468377886,169.65120793856653,322.36625848644655,34.12014427247033
4425.584002730703,907.5549687162586,817.3449483124448,1603.9047767267484,27.209168202662863,25.146682358278213,18.79390346105591,4089.29297051736,100.52880795156628,64.56324595490845,66.5603024116031,30.074570567459013,3.7879349717016773,7.238213184699756,10.265668262049033,11.826270348518353,9.633924286314963,1.8135391250212227,-0.7789907069945893,175.68656647778928,333.7387796249442,35.37395103807479
4576.796271319962,938.5563640706805,845.2826164093075,1658.7539922810597,28.078738423302152,26.018901079072172,19.429088447415175,4229.026455976275,103.91279377718979,66.71226667104628,68.87136744253844,31.123043423140665,3.9225054704052464,7.507934527665488,10.660263872986235,12.277393006119304,9.903645629280694,1.829402057408453,-0.7564624769222067,181.70394260374283,345.0771125842528,36.62396114828225
4727.550650651971,969.4638883031494,873.1360233413665,1713.4376509182894,28.945701289822566,26.88848169058727,20.06235408397527,4368.336873454412,107.28654952533769,68.85484588978687,71.17539181999682,32.16836786170367,4.0566533704289975,7.776830037631575,11.053661171763952,12.727177244720831,10.172541139246782,1.845214870275705,-0.7340014525697951,187.7033907495841,356.3813608527361,37.87018609565133
4877.848526767493,1000.2778255635975,900.9054241690043,1767.9562537828342,29.810064694741854,27.755432178437793,20.693706180649865,4507.225503587771,110.6501061626775,70.99100310968326,73.47239685618976,33.21055341347528,4.190379950988346,8.044902214412508,11.445863785699212,13.17562711574642,10.440613316027715,1.8609777153358578,-0.7116074305041753,193.68496518369963,367.6516276054962,39.11263733795246
5027.691281511714,1030.9984591418292,928.5910731805301,1822.310300502116,30.671836506686944,28.619760504065408,21.32315052976591,4645.693623135838,114.00349456213996,73.12075777026595,75.7624037988163,34.24960957993423,4.323686487426494,8.312153550255786,11.836875331129074,13.62274665835581,10.707864651870993,1.8766907438425529,-0.6892802079079647,199.64872001020447,378.88801570532183,40.351326298273136
5177.080292546945,1061.6260714701245,956.1932238945169,1876.5002891911734,31.531024570466258,29.481474604812316,21.950692906116853,4783.742504993321,117.34674550320277,75.24412925222153,78.04543383125818,35.285545833798075,4.4565742512261535,8.57858652986482,12.226699413443866,14.068539899482113,10.974297631480027,1.8923541065915837,-0.6670195825777134,205.59470916943928,390.09062770363397,41.58626436512292
5326.016933365286,1092.1609441258345,983.7121290621315,1930.52671645724,32.387636707141816,30.340582393994218,22.576339067015706,4921.373418201848,120.67988967217347,77.36113687757084,80.32150807277463,36.318371619110245,4.589044510021228,8.844203630421768,12.615339627120322,14.51301085386883,11.239914732036976,1.907967953922281,-0.6448253529220456,211.52298643846615,401.25956584142807,42.81746289253812
5474.502573301242,1122.6033578339693,1011.1480406694571,1984.3900774043084,33.241680714101115,31.197091760973034,23.20009475234798,5058.5876279616305,124.00295766247149,79.47179990984655,82.5906475786964,37.348096351326845,4.7210985276084685,9.109007321610306,13.002799555754617,14.956163524106744,11.504718423225514,1.9235324357188952,-0.622697317959807,217.4336054315628,412.394932050214,44.0449332001861
5622.538577544316,1152.953592469779,1038.50120993981,2038.0908656376807,34.09316436512878,32.05101057122941,23.82196568462442,5195.3863956430905,127.31597997490931,81.57613755427019,84.85287334061931,38.374729417403195,4.852737563959083,9.373000065638323,13.3890827720953,15.398001900670709,11.76871116725353,1.9390477014119745,-0.6006352773182178,223.32661960071536,423.49682795295263,45.26868657346938
5770.12630715155,1183.2119270613248,1065.7718873360477,2091.6295732685053,34.942095410478025,32.902346666435015,24.441957569033608,5331.770978798455,130.61898701797278,83.67416895792867,87.10820628659712,39.39828017588009,4.983962875230321,9.636184317260549,13.774192838076132,15.838529961956324,12.031895418875756,1.954513899979737,-0.5786390312310308,229.20208223610967,434.56535486498996,46.48873426362929
5917.267119060039,1213.3786397920437,1092.9603225628714,2145.0066909182983,35.788481576941884,33.751107864524606,25.060076093494402,5467.7426311733125,133.91200910810062,85.76591320995024,89.35666728133397,40.41875795696982,5.114775713777016,9.89856252380112,14.158133304848826,16.277751674316498,12.294273625416327,1.9699311799494403,-0.5567083805366956,235.06004646662103,445.6006137949882,47.705087487849426
6063.962366099398,1243.4540080033057,1120.0667645691203,2198.222707723455,36.63233056792421,34.597301959767876,25.676326928708196,5603.302602718137,137.195076469963,87.85138934167996,91.59827712637603,41.43617206264193,5.245177328163096,10.16013712517607,14.54090771281568,16.715670992097905,12.555848226791277,1.9852996893987473,-0.5348431266765283,240.90056526030241,456.6027054458541,48.917757429358716
6210.2133970042005,1273.4383081969622,1147.0914615500608,2251.278111339744,37.47365006351049,35.4409367228411,26.290715728211055,5738.4521395997745,140.46821923673937,89.93061632685459,93.8330565603028,42.45053176670868,5.375168963173058,10.42091055391575,14.922519591662114,17.152291857677326,12.816621655530957,2.0006195759570864,-0.5130430716928864,246.72369142487136,467.5717302156646,50.12675523753421
6356.021556426366,1303.3318160378878,1174.034660949666,2304.173387946789,38.31244772053843,36.28201990089855,26.903248128425663,5873.1924842128965,143.7314674503954,92.00361308177695,96.06102625891758,43.46184631491031,5.504751859823411,10.680885235187192,15.30297246038912,17.58761820149788,13.0765963368024,2.015890986807008,-0.49130801822734943,252.52947760819535,478.5077881985895,51.33209202800356
6501.388184947527,1333.134806356513,1200.896609462891,2356.909022252537,39.14873117266831,37.120559217643674,27.513929748713128,6007.5248751914205,146.98485106195906,94.07039846548983,98.2822068354376,44.470124925,5.63392725537408,10.940063586816393,15.68226982734559,18.021653942105143,13.3357746884316,2.0311140686855382,-0.4696377695189052,258.31797629877553,489.4109791858112,52.533778882747164
6646.314619091347,1362.8475531513511,1227.6775530379405,2409.485497497714,39.982508030453175,37.956562373400125,28.12276619142464,6141.4505474198895,150.2283999317959,96.13099127994927,100.49661884068345,45.4753767868286,5.762696383339775,11.198448019310538,16.06041519026057,18.454402986183176,13.594159120925745,2.0462889678855274,-0.4480321294021414,264.08923982622935,500.28140266644215,53.731826850200015
6790.802191335798,1392.4703295915156,1254.3777368785275,2461.9032954602653,40.81378588140873,38.790037045182494,28.729763041952932,6274.970732044826,153.46214382988353,98.1854102701974,102.70428276326791,46.47761106242906,5.891060473501332,11.456040935880154,16.437412036275408,18.885869228590423,13.85175203749536,2.0614158302569936,-0.4264909023054427,269.8433203617712,511.1191578284391,54.92624694535327
6934.852230125418,1422.003408019231,1280.9974054461288,2514.162896459785,41.64257229008312,39.62099088676689,29.33492586878365,6408.086656486044,156.68611243608512,100.23367412453464,104.90521902978428,47.47683688610068,6.0190207519170125,11.712844732461198,16.813263841975793,19.3160565523955,14.108555834076405,2.0764948012084634,-0.4050138932491933,275.5802699186922,521.9243435595146,56.11705014985546
7078.466059883511,1451.4470599523368,1307.5368024622308,2566.264779361928,42.46887479812645,40.44943152876127,29.9382602235465,6540.799544447933,159.90033534042232,102.2758014746916,107.09944800499413,48.473063364493015,6.146578440933774,11.968861797737077,17.187974073423717,19.7449688289129,14.364572899352284,2.0915260257083097,-0.38360090784398493,281.300140352838,532.6970584480459,57.30424741211342
7221.645001024324,1480.801556086781,1333.9961709105696,2618.2094215828133,43.29270092436006,41.275366578675566,30.539771641066288,6673.1106159307,163.10484204334708,104.3118108960002,109.28698999201444,49.466299576689615,6.273734759198502,12.2240945131606,17.561546186189325,20.172609917738548,14.619805614775807,2.1065096482860817,-0.36225175228883033,287.00298336308555,543.4374007839814,58.48784964739293
7364.390369965182,1510.0671662991094,1360.3757530393643,2669.99729909341,44.11405816484568,42.098803620991625,31.139465639413785,6805.021087241586,166.2996619560129,106.3417209075644,111.46786523250424,50.456554574291424,6.400490921669213,12.478545252975866,17.93398362538268,20.598983666785298,14.874256354591074,2.1214458130338354,-0.3409662333693821,292.6888504918182,554.1454685597433,59.667867737919
7506.703479138584,1539.2441596489462,1386.6757903635432,2721.628886423914,44.932953992954275,42.9197502172329,31.737347719956443,6936.532171006044,169.48482440054502,108.36554997243044,113.64209390685058,51.44383738150001,6.5268481396262175,12.732216384240088,18.305289825685417,21.024093912318286,15.127927485855295,2.1363346636074567,-0.3197441584561568,298.3577931253992,564.8213594711289,60.844312532975955
7648.585637004268,1568.3328043814654,1412.896523666964,2773.1046566681066,45.74939585943476,43.73821390603395,32.33342336740895,7067.645076178883,172.66035861031,110.38331649775655,115.80969613435406,52.42815699520048,6.652807620683253,12.985110266845343,18.675468211382313,21.44794447899019,15.38082136846055,2.1511763432279825,-0.2985853355027646,304.00986249464444,575.4651709182078,62.01719484900705
7790.038148061238,1597.3333679298578,1439.0381930046258,2824.4250814877046,46.56339119248249,44.55420220320971,32.927698049883645,7198.361008055378,175.82629373018435,112.39503883498206,117.97069197341371,53.40952238504418,6.778370568798588,13.237229253540265,19.044522196392766,21.87053917987638,15.632940355155473,2.1659709946829153,-0.2774895730441444,309.64510967529276,586.077000006218,63.18652546971395
7931.062312859747,1626.2461169177875,1465.1010377048767,2875.5906311166946,47.37494739780748,45.367722601824596,33.52017721894077,7328.681168282352,178.9826588168224,114.4007352799961,120.12510142171136,54.387942493531106,6.903538184286078,13.488575689951665,19.412455184302164,22.291881816509967,15.884286791566872,2.180718760327538,-0.25645668019480394,315.2635855884758,596.6569435464573,64.35231514615582
8071.659428013258,1655.0713171618431,1491.0852963716122,2926.6017743656544,48.184071858702524,46.17878257226134,34.11086630963859,7458.606754869214,182.12948283892337,116.40042407330573,122.27294441639542,55.36342623609214,7.028311663826207,13.73915191460609,19.779270568393166,22.711976178916732,16.1348630162213,2.19541978208622,-0.23548646664706552,320.8653410011857,607.2050980571739,65.51457459684814
8211.830786210354,1683.809233673981,1516.9912068864687,2977.4589786260617,48.99077193611101,46.98738956228967,34.699770740583304,7588.138962198972,185.2667946774976,118.39412340020363,124.4142408342641,56.33598250117094,7.152692200477078,13.98896025895132,20.144971731676893,23.13082604564997,16.38467136056653,2.210074201453723,-0.21457874266931692,326.45042652674186,617.7215597644532,66.6733145078612
8351.577676226623,1712.46013066396,1542.81900641101,3028.162709874591,49.79505496869461,47.79355099713475,35.286895913978896,7717.278981039214,188.39462312613193,120.38185139093517,126.54901049194814,57.30562015030565,7.276680983685381,14.238003047377784,20.509562046924014,23.548435183825216,16.633714148992993,2.2246821594965014,-0.19373331910426767,332.01889262525606,628.2064246031019,67.82854553291834
8490.901382936501,1741.0242715417705,1568.568931388906,3078.7134326773944,50.596928272900676,48.59727427954543,35.87224721567675,7846.027998553046,191.51299689125446,122.3636261208651,128.67727314609286,58.272348018210366,7.400279199297327,14.48628259723994,20.87304487669575,23.964807349154857,16.88199369885515,2.2392437968539975,-0.17295000736721047,337.57078960409626,638.6597882175301,68.98027829349383
8629.803187325082,1769.5019189200552,1594.2412175481072,3129.111610194372,51.39639914302955,49.39856678986227,36.45583001522516,7974.387198310006,194.62194459239825,124.33946561064364,130.79904849353983,59.236174912856285,7.5234880295695445,14.733801218877558,21.235423573374778,24.37994628598266,17.12951232049277,2.2537592537399354,-0.15222861944428814,343.1061676183489,649.0817459626303,70.12852337891049
8768.284366499887,1797.8933346165227,1619.83609990301,3179.3577041834296,52.193474851301545,50.197435886085394,37.03764966591868,8102.357760296941,197.72149476246443,126.30938782637209,132.91435617150782,60.1971096155527,7.646308653179943,14.980561215636959,21.596701479196035,24.793855727318178,17.37627231725217,2.268228669943609,-0.1315689678907655,348.62507667127977,659.4723929046534,71.27329134643706
8906.346193702608,1826.1987796563533,1645.3538127566176,3229.452175004721,52.98816264792381,50.99388890394208,37.61771150484733,8229.940860928851,200.81167584798445,128.27341067976798,135.02321575777333,61.15516088102768,7.768742245238552,15.226564883892186,21.956881926277443,25.206539394871072,17.622275985507397,2.2826521848311674,-0.11097086582930665,354.1275666147938,669.8318238220828,72.4145927213852
9043.989938320805,1854.4185142745985,1670.794589702692,3279.39548162488,53.78046976115696,51.7879331569542,38.19602085294563,8357.137673059706,203.8925162093814,130.23155202832967,137.1256467708505,62.11033743750856,7.890789977298312,15.471814513066107,22.31596823665053,25.618000999085297,17.86752561468132,2.297029937346895,-0.09043412694825748,359.61368714989317,680.1601332065055,73.5524379972062
9181.216865899574,1882.5527979185729,1696.1586636279026,3329.188081621239,54.570403397381504,52.579575936505464,38.77258301504153,8483.949365993218,206.96404412123084,132.18382967550053,139.2216686701705,63.06264798680212,8.012453017365853,15.71631238565146,22.67396372229096,26.02824423917322,18.112023487266672,2.3113620660144885,-0.0699585654999333,365.08348782713387,690.4574152634802,74.68683763558744
9318.02823815318,1910.6018892502382,1721.4462667139653,3378.8304311860325,55.35797074116409,53.36882451190837,39.34740327990515,8610.377105493591,210.02628777252056,134.13026137083247,141.31130085626035,64.01210120437459,8.133732529912221,15.960060777231822,23.030871685148977,26.437272803149607,18.355771878847033,2.325648708938331,-0.04954399629891175,370.53701804708146,700.7237639134036,75.81780206654858
9454.42531297665,1938.5660461485807,1746.6576304397774,3428.3229851305928,56.14317895532351,54.15568613047107,39.92048692029737,8736.422053796237,213.07927526690963,136.07086481014915,143.39456267092132,64.95870573943137,8.25462967588358,16.203061956502534,23.386695417179748,26.845090367865527,18.598773058117747,2.33989000380476,-0.02919023472033073,375.9743270607648,710.9592727923728,76.94534168853734
9590.409344457335,1966.4455257119816,1771.7929855835441,3477.666196889527,56.92603518099658,54.94016801756394,40.49183919301833,8862.085369618457,216.12303462298675,138.00565763570853,145.47147339740656,65.90247021499653,8.375145612711888,16.445318185291544,23.741438200373622,27.251700599042138,18.841029286906757,2.354086087883334,-0.008897096698191668,381.3954639701288,721.1640352530469,78.06946686852514
9725.98158288644,1994.2405842605795,1796.8525622249,3526.860518524886,57.70654653770369,55.72227737668602,41.0614653389557,8987.368208170084,219.15759377452773,139.93465743636514,147.54205226059844,66.84340322799206,8.495281494325532,16.686831718580198,24.095103306786292,27.657107151304377,19.08254282019541,2.3682370980280933,0.011335601276332253,386.80047772848576,731.3381443655043,79.19018794210236
9861.143274770504,2021.9514773386263,1821.8365897470237,3575.9064007303205,58.48472012341432,56.5020213895312,41.62937058313288,9112.271721164114,222.18298057075225,141.85788174773165,149.60631842718516,67.78151334931687,8.61503847115993,16.927604804523966,24.447693998568866,28.06131366821456,19.32331590613918,2.3823431706788183,0.03150804215658261,392.18941714096525,741.4816929180981,80.30751521357327
9995.895662842871,2049.578459716836,1846.745296838746,3624.8042928352193,59.26056301461224,57.27940721605421,42.195560134757024,9236.797056827276,225.1992227765798,143.77534805234,151.66429100583693,68.71680912392559,8.73441769016811,17.167639684473098,24.799213527997846,28.46432378230585,19.56335078608831,2.3964044418622827,0.051620408342097246,397.5623308649626,751.5947734183093,81.42145895605086
10130.2399860751,2077.121785394726,1871.5789114966515,3673.5546428088433,60.03408226636054,58.05444199453645,42.76003918726687,9360.945359910595,228.20634807288482,145.68707377980218,153.7159890473816,69.64929907090706,8.853420294831244,17.406938592993235,25.149665137505025,28.866141115115663,19.802649694608448,2.4104210471935046,0.0716728816802866,402.91926741058614,761.6774780935965,82.53202941155112
10264.177479688356,2104.581707602952,1896.3376610271741,3722.1578972644393,60.80528491236649,58.82713284165158,43.322812918380535,9484.717771699907,231.2043840567512,147.59307630697032,155.7614315449798,70.57899168356269,8.972047425169164,17.645503757885933,25.499052059707285,29.266769277218938,20.041214859501146,2.4243931218769923,0.09166564346810507,408.26027514110314,771.7298988922439,83.63923679108727
10397.709375164766,2131.9584788056345,1921.0217720486864,3770.614501463347,61.574177965046154,59.597486852530956,43.88388649014305,9608.115430026353,234.19335824172578,149.4933729580965,157.80063743429943,71.50589542948445,9.090300217750837,17.883337400209147,25.847377517436307,29.666211868261325,20.27904850182436,2.438320800707987,0.11159887445371719,413.5854022733841,781.7521274842062,84.74309127476356
10530.83690025873,2159.2523507026795,1945.6314704935821,3818.9248993190904,62.34076841558889,60.3655111008288,44.443265048973835,9731.139469276835,237.17329805807137,151.38798100499184,159.83362559368965,72.43001875063274,9.20817980570481,18.12044173429764,26.19464472376819,30.064472476992265,20.51615283591285,2.4522042180737023,0.13147275483815887,418.89469687834605,791.7442552619511,85.84360301186885
10663.561279008209,2186.4635742320925,1970.1669816103527,3867.0895334014567,63.10506323402155,61.13121263878722,45.00095372571398,9853.79102040444,240.1442308530187,153.27691766718536,161.8604148443545,73.35137006341395,9.32568731872963,18.356818967783333,26.540856882052978,30.461554681297983,20.752530069398546,2.466043507954558,0.15128746427699358,424.1882068813943,801.7063733412996,86.94078212096987
10795.883731745975,2213.5923995722837,1994.6285299656572,3915.1088449405656,63.86706936927257,61.89459849730105,45.556957635673406,9976.071210938835,243.1061838910179,155.16020011208218,163.8810239505258,74.26995775875783,9.442823883104214,18.592471301615603,26.88601718594411,30.857462048234357,20.988182403230816,2.4798388039254124,0.17104318188196344,429.4659800628629,811.6385725622625,88.03463869000423
10927.805475110828,2240.639076144368,2019.0163394463873,3962.9832738309233,64.62679374923583,62.65567568598244,46.111281878677886,10097.981164996629,246.059184353989,157.0378454551213,165.89547161963566,75.1857902021946,9.559590621698213,18.827400930081502,27.230128819427758,31.252198134059714,21.223112031696715,2.4935902391567906,0.19074008622263544,434.72806405845387,821.5409434898767,89.12518277637314
11059.327722058775,2267.6038526144575,2043.3306332617233,4010.7132586354655,65.38424328083433,63.4144511932253,46.66393153911591,10219.522003291708,249.00325934157172,158.90987075993291,167.90377650248837,76.09887573393183,9.675988653982326,19.061610040825926,27.57319495685211,31.64576648426751,21.45732114244114,2.507297946416107,0.21037835532804264,439.97450635967476,831.413576415036,90.21242440703382
11190.451681874176,2294.4869768959456,2067.571633945187,4058.2992365895884,66.13942485008364,64.17093198626951,47.2149116859854,10340.694843145531,251.93843587137462,160.77629303849525,169.90595719343182,77.00922266893114,9.792019096038592,19.295100814871724,27.915218762956524,32.03817063361891,21.690811916486936,2.520962058068886,0.22995816668832025,445.2053543142754,841.2565613553223,91.2963735785917
11321.178560180864,2321.2886961517875,2091.739563356686,4105.741643605167,66.89234532215525,64.92512501126497,47.76422737294032,10461.500798497404,254.8647408792234,162.6371292512909,171.90203223052842,77.91683929698455,9.90768306057064,19.52787542663974,28.256203392900627,32.42941410617529,21.92358652825495,2.5345827060799793,0.24947969725633706,450.4206551266829,851.069988055832,92.37704025739224
11451.509558953221,2348.00925679677,2115.8346426845537,4153.040914274563,67.64301154143959,65.67703719333544,48.311883638337115,10581.940979914709,257.78220121940836,164.49239630746268,173.89202009572546,78.82173388279067,10.022981656913927,19.7599360439688,28.596151992293308,32.8195004153306,22.155647145584012,2.548160022014777,0.26894312344932164,455.62045585843566,860.8539459900012,93.45443437961258
11581.445876527227,2374.648904499777,2139.8570924475807,4200.197481874615,68.39143033160899,66.42667543664217,48.85788550528102,10702.016494603118,260.6908436649313,166.34211106496912,175.87593921502497,79.72391466603074,10.137915991045924,19.991284828135633,28.935067697221626,33.208433063843685,22.386995929750846,2.561694137040419,0.2883486211504837,460.8048034286156,870.608524360428,94.52856585135281
11710.988707611472,2401.207884186048,2163.8071324970433,4247.211778370624,69.13760849568035,67.17404662444736,49.4022379816722,10821.728446416771,263.59069490775164,168.18629033073927,177.85380795865305,80.62338986144427,10.252487165596284,20.22192393387474,29.272953634279645,33.59621554387046,22.617635035489954,2.575185181926999,0.30769636571063075,465.9737446142797,880.3338120996921,95.59944454872706
11840.13924329814,2427.686440039428,2187.6849820187226,4294.084234420326,69.88155281607774,67.91915761917743,49.94494606025182,10941.077935868414,266.4817815590315,170.0249508608273,179.82564464122876,81.52016765890458,10.366696279856976,20.451855509398193,29.60981292059715,33.982851336995985,22.847566611013406,2.5886332870487667,0.3269865319497795,471.12732605088974,890.0298978711726,96.66708031795424
11968.898671073946,2454.084815504612,2211.49085953492,4340.815279377841,70.62327005469464,68.66201526248608,50.4860147186479,11060.066060139518,269.36413014938057,171.8581093605664,181.7914675219324,82.4142562234941,10.48054442979239,20.681081696415372,29.945648663868315,34.368343914266525,23.076792798030585,2.602038582385326,0.3462192941587627,476.26559423274085,899.6968700698626,97.73148297544854
12097.268174831066,2480.4032532893825,2235.2249829064654,4387.405341297628,71.36276695295614,69.40262637531718,51.025448919421066,11178.69391309036,272.2377671290998,173.68578248472238,183.75129480467328,83.30566369557934,10.594032708049406,20.909604630152664,30.28046396238025,34.75269673622138,23.305315731767877,2.6154011975228304,0.3653948261008309,481.38859551338896,909.3348168231814,98.79266230790964
12225.248934878002,2506.6419953668415,2258.8875693347177,4433.854846938416,72.10005023188089,70.14099775796747,51.56325361011017,11296.96258527008,275.10271886842435,175.5079868376467,185.70514463825714,84.19439819088574,10.707162203967439,21.137426439373076,30.614261905041484,35.135913252924745,23.53313754098829,2.6287212616551723,0.3845133010132496,486.49637610607687,918.9438259917849,99.85062807241268
12352.842127950438,2532.801282977631,2282.478835363564,4480.164221767125,72.83512659214288,70.87713619014902,52.09943372327777,11414.8731639267,277.9590116577663,177.3247389734291,187.65303511655287,85.08046780057226,10.81993400358845,21.364549246395804,30.947045571410353,35.51799690399738,23.760260348011016,2.641998903585172,0.4035748916088912,491.5889820841588,928.5239851703728,100.90538999649792
12480.048927222055,2558.881356632155,2305.998996881408,4526.333889962778,73.56800271413303,71.61104843105157,52.63399417655542,11532.426733017124,280.806671707956,179.1360553960497,189.59498427865884,85.9638805913058,10.932349189666928,21.590975167115737,31.278818031723304,35.89895111864824,23.98668626873095,2.6552342517257608,0.42257977007782255,496.66645938152385,938.0753816884938,101.95695777826015
12606.87050231531,2584.882456112785,2329.448269123154,4572.364274420397,74.29868525802051,72.34274121940466,53.166939872688914,11649.624373217088,283.645725150483,180.9419525595307,191.53101010906866,86.8446446053352,11.044408841679838,21.8167063110229,31.609582346923112,36.278779315706004,24.212417412638114,2.6684274341011607,0.4415281080888874,501.7288537930184,947.598102611348,103.0053410864378
12733.30801931219,2610.8048204760667,2352.826866672187,4618.255796754895,75.02718086381408,73.07222127353951,53.698275699583334,11766.467161931101,286.47619803773625,182.74244686808768,193.4611305378365,87.72276786056531,11.156114035836547,22.04174478122186,31.939341568687006,36.657484903650456,24.43745588283707,2.6815785783480623,0.4604200767912842,506.77621097486673,957.0922347405874,104.0505495605018
12859.36264076492,2636.6486880549164,2376.1350034623415,4664.008877304945,75.75349615142301,73.79949529145085,54.22800653034795,11882.956173302347,289.2981163432437,184.53755467628025,195.38536344074186,88.59825835063057,11.267465845088712,22.26609267445102,32.26809873945473,37.03507128064386,24.661803776066233,2.6946878117167974,0.479255846816139,511.80857644509075,966.5578646151134,105.09259281074426
12985.035525706662,2662.4142964608122,2399.3728927798707,4709.623935136846,76.47763772071796,74.52456995085842,54.75613722334103,11999.092478222556,292.1115059619107,186.32729228916241,197.30372663945383,89.47112404496853,11.378465339140142,22.489752081101926,32.59585689245648,37.411541834562165,24.88546318271714,2.7077552610725073,0.49803558827807365,516.8259955839284,975.9950785118723,106.13148041836666
13110.327829662154,2688.101882585976,2422.5407472654056,4755.101388048374,77.19961215159168,75.24745190926834,55.28267262221449,12114.87714434184,294.91639271025826,188.11167596243246,199.21623790169497,90.34137288889306,11.48911358445663,22.712725085238453,32.922619051740824,37.786899943026135,25.108436186853666,2.72078105289631,0.5167594707767694,521.8285136342504,985.4039624466482,107.167221935568
13235.240704658338,2713.7116826055526,2445.6387789159094,4800.441652572624,77.91942600401939,75.96814780403432,55.807617555958416,12230.311236078518,297.71280232666015,189.89072190258227,201.12291494140453,91.2090128036674,11.599411644275753,22.93501376461598,33.24838823220245,38.16114897343241,25.330724866231193,2.733765313286463,0.5354276633985257,526.8161757019767,994.7846021748535,108.19982688563255
13359.775299234943,2739.243931979779,2468.6671990866253,4845.645143981833,78.63708581811913,76.68666425241867,56.33097683894541,12345.395814628884,300.50076047157955,191.66444626704637,203.0237754189013,92.07405168657698,11.709360578616643,23.156620190700465,33.573167439609904,38.534292282984445,25.552331292315678,2.7467081679595213,0.5540403347178138,531.7890267564903,1004.1370831923173,109.22930476301741
13483.932758455046,2764.6988654561496,2491.62621849302,4890.712276291202,79.35259811421189,77.4030078516531,56.85275527097488,12460.131937976974,303.28029272780486,193.43286516435037,204.91883694104584,92.93649741100192,11.818961444289734,23.377546428687502,33.89695967063319,38.90633321872337,25.773257530302715,2.759609742251493,0.5725976527988266,536.7471116310512,1013.4614907360707,110.25566503343975
13607.714223915593,2790.0767170715717,2514.5160472127204,4935.643462262699,80.06596939288147,78.11718517899935,57.372957637317135,12574.520660904282,306.05142460068487,195.19599465425898,206.80811706140244,93.7963578264895,11.92821529490647,23.597794537521285,34.21976791287134,39.277275117558744,25.993505639136497,2.7724701611189912,0.5910997851970229,541.6904750232078,1022.7579097851306,111.2789171339638
13731.120833757888,2815.377720154519,2537.336894687443,4980.439113408852,80.7772061350343,78.82920279180964,57.89158870875736,12688.563034999452,308.814181518363,196.9538507479237,208.69163328040034,94.65364075882621,12.037123180888992,23.817366569913542,34.54159514487986,39.64712130629924,26.213077671528755,2.785289549140383,0.6095468989606676,546.6191614952083,1032.0264250612804,112.2990704730876
13854.153722678058,2840.6021073271745,2560.08896972492,5025.099639996531,81.48631480195894,79.53906722758693,58.40865324163948,12802.260108667948,311.56858883201124,198.7064494080299,210.56940304549457,95.50835401010974,12.145686149479788,24.0362645723624,34.86244433619809,40.015875101683186,26.43197567397761,2.798068030516934,0.6279391606323667,551.53321547441,1041.2671210298492,113.31613443082944
13976.814021937482,2865.750110507569,2582.772480500818,5069.625451050721,82.19330183538548,80.24678500404505,58.92415597790985,12915.61292714169,314.314671816063,200.45380654894356,212.44144375132637,96.36050535882065,12.253905244751323,24.254490585171187,35.182318447376524,40.38353981040909,26.6502016867864,2.81080572907395,0.6462767362505981,556.4326812536875,1050.4800819004872,114.3301183588141
14099.102859373184,2890.8219609117114,2605.387634560651,5114.016954358277,82.89817365754477,80.95236261916855,59.43810164516086,13028.622532488656,317.0524556684455,202.19593803685754,214.307772739883,97.21010255989387,12.361781507615627,24.472046642467195,35.501220430004004,40.75011872916601,26.867757744082407,2.823502768261914,0.6645597913512378,561.31760299184,1059.6653916279406,115.34103158035882
14221.021359408202,2915.8178890557156,2627.934638821689,5158.274556471677,83.60093667122743,81.65580655127245,59.95049495667438,13141.289963622463,319.781965510811,203.93285968993737,216.16840730065718,98.05715334478998,12.46931597583387,24.688934772220364,35.81915322673484,41.11561514466384,27.084645873835576,2.8361592711576233,0.6827884909690809,566.1880247139969,1068.8231339128224,116.3488833905589
14342.57064306192,2940.7381247579183,2650.4136995748586,5202.398662712753,84.30159725984268,82.35712325906175,60.46134061146506,13253.61625631191,322.5032263887683,205.66458727846666,218.0233646708059,98.90166542156625,12.576509684025899,24.905156996261926,36.13611977131587,41.48003233366355,27.30086809787714,2.848775360465318,0.7009629996393586,571.0439903120229,1077.9533922023822,117.35368305637323
14463.751827960372,2965.5828971409906,2672.8250224866388,5246.389677176422,85.00016178747704,83.05631918169082,60.97064329432354,13365.602443190506,325.21626327211254,207.39113652499202,219.87266203530896,99.7436464749475,12.683363663679739,25.120715330302982,36.452122988613404,41.843373563007276,27.516426431918195,2.8613511585178095,0.7190834813992505,575.8855435449206,1087.056249691273,118.35543981670938
14584.566028346515,2990.352434634044,2695.1688126009517,5290.2480027343945,85.69663659895278,83.75340073882258,61.47840767585948,13477.249553765954,327.9211010550546,209.11252310446758,221.7163165271268,100.5831041663967,12.78987894316108,25.335611783953038,36.767165794640135,42.20564208964834,27.73132288556825,2.873886787277606,0.7371500997893919,580.7127280392335,1096.1317893223156,119.35416288250858
14705.014355090465,3015.046964974731,2717.445274341048,5333.97404103888,86.39102801988625,84.44837433068746,61.98463841254452,13588.558614429614,330.6177645564501,210.82876264439903,223.55434522735806,101.42004613418543,12.896056547722727,25.549848360738466,37.081251096581916,42.566841160681214,27.94555946235368,2.8863823683380314,0.7551630178553773,585.5255872894467,1105.180093787261,120.3498614368303
14825.097915699715,3039.666715211337,2739.654611511384,5377.56819252628,87.08334235674604,85.14124633814227,62.489340146755055,13699.53064846594,333.30627852002743,212.53987072498725,225.38676516539647,102.25447999346406,13.001897499514024,25.763427058120914,37.39438179282448,42.92697401337133,28.159138159736127,2.898838022924345,0.7731223981492584,590.324164658386,1114.201245527551,121.34254463493671
14944.817814329303,3064.211911704866,2761.797027299495,5421.030856420862,87.77358589691093,85.83202312272884,62.992517506814906,13810.166676061875,335.98666761461527,214.24586287927156,227.2135933190875,103.08641333633172,13.107402817590245,25.97634986751568,37.70656077298009,43.28604387518485,28.372060969130892,2.911253871894855,0.7910284027310384,595.1085033776176,1123.1953267350748,122.33222160437683
15064.17515179197,3088.6827801311247,2783.8727242778637,5464.362430738437,88.46176490872764,86.52071102673247,63.494175107037854,13920.467714316243,338.65895643436914,215.94675459327235,229.0348466148842,103.91585373190608,13.21257351792196,26.188618774309997,38.017790917914084,43.64405396381834,28.58432987592521,2.923630035742027,0.808881193170161,599.8786465478444,1132.162419352925,123.31890144507034
15183.17102556827,3113.079545482792,2805.881904405782,5507.563312290013,89.1478856415685,87.2073163732402,63.99431754777005,14030.43477724908,341.3231694989976,217.64256130613356,230.85054192800297,104.74280872639295,13.317410613404377,26.40023575788129,38.328075099771354,44.00100748722831,28.795946859496503,2.9359666345935946,0.8266809305469964,604.6346371393026,1141.1026050761513,124.30259322939129
15301.806529816664,3137.4024320714907,2827.8247690312055,5550.63389668544,89.83195432588882,87.89184546619897,64.4929494154323,14140.068875810965,343.9793312539873,219.3332984102645,232.6606960825785,105.56728584315559,13.421915113866644,26.61120279161537,38.63741618200276,44.35690764366072,29.006913893230582,2.9482637882136626,0.8444277754543204,609.3765179921569,1150.01596535251,125.28330600225145
15420.082755383564,3161.6516635298462,2849.7015188926066,5593.57457833705,90.5139771732842,88.57430459047355,64.99007528256222,14249.371017892305,346.6274660708281,221.01898125148125,234.46532585181853,106.38929258278387,13.52608802608114,26.821521842924554,38.94581701939143,44.71175762168037,29.217232944539766,2.960521616003806,0.862121887998791,614.1043318168934,1158.9025813832134,126.26104878118346
15538.000789813374,3185.8274628135437,2871.512354120817,5636.3857504632815,91.19396037654762,89.25470001190423,65.48569970785624,14358.342208332604,349.2675982472368,222.69962512914788,236.26444795815786,107.20883642316323,13.629930353772718,27.031194873265772,39.25328045807899,45.065560600200214,29.426905974880984,2.9727402370041696,0.8797634278024201,618.8181211947128,1167.762534123676,127.23583055642366
15655.56171735847,3209.9300522033764,2893.2574742408674,5679.067805092289,91.87191010972631,89.93303797736453,65.97982723621153,14466.983448929695,351.8997520073803,224.37524529631685,238.05807907341213,108.0259248195434,13.733443097627934,27.240223838158574,39.55980933559175,45.418319748510555,29.635934939773787,2.98491976989456,0.8973525540040402,623.5179285779218,1176.5959042842587,128.2076602909948
15772.766618989179,3233.959653307289,2914.9370781738235,5721.6211330655515,92.54783252817856,90.60932471481853,66.47246239876776,14575.295738448944,354.52395150209867,226.04585695986935,239.84623581893106,108.84056520460689,13.836627255304244,27.448610687203114,39.86540648086675,45.770038226308195,29.844321788818327,2.997060332995539,0.9148894252607672,628.2037962903227,1185.4027723310103,129.1765469207883
15889.616572403704,3257.916487062414,2936.5513642386113,5764.0461240414625,93.22173376863022,91.28356643337808,66.96360971294871,14683.280072632433,357.1402208091267,227.71147528065504,241.62893476575118,109.6527649885373,13.939483821439175,27.65635736409806,40.17007471427779,46.120719183725456,30.052068465713273,3.0091620442695075,0.9323741997494582,632.8757665276029,1194.183218486407,130.14249935464647
16006.112652038031,3281.800773737102,2958.1005301538416,5806.34316649891,93.89361994923115,91.95576932335999,67.45327368250386,14790.937444208113,359.74858393331533,229.3721153736313,243.4061924347481,110.46253155908745,14.042013787659466,27.86346580665846,40.473816847661325,46.47036576135915,30.259176908273673,3.0212250213217935,0.9498070351681657,637.5338813577226,1202.9373227300898,131.1055264744444
16122.255929075807,3305.6127329329474,2979.5847730396267,5848.512647740849,94.56349716961147,92.62593955634277,67.94145879754973,14898.268842898926,362.3490648068524,231.02779230800218,245.17802529678843,111.26987228164731,14.144218142590173,28.069937946833562,40.776635684342324,46.81898109029942,30.465649048448775,3.0332493814017303,0.9671880887375865,642.1781827213014,1211.6651647995998,132.06563713517147
16238.047471458183,3329.3525835868045,3001.0042894193916,5890.554953897859,95.23137151093754,93.2940832852235,68.42816953461114,15005.275255431898,364.94168728948245,232.678521107357,246.94444977288103,112.0747944993116,14.246097871863771,28.275775710724552,41.07853401916004,47.166568292158544,30.671486812339765,3.0452352414037347,0.9845175172025074,646.8087124320034,1220.3668241911105,133.0228401650129
16353.488343893627,3353.0205439728024,3022.359275221681,5932.470469931694,95.89724903596792,93.96020664427422,68.91341035666241,15111.957665547214,367.52647516872605,234.32431674980833,248.7054822343281,112.87730553294736,14.347653958129198,28.48098101860227,41.37951463849367,47.513130479099615,30.876692120217484,3.057182717868382,1.0017954768332449,651.4255121769221,1229.042380160159,133.97714436543075
16468.579607867712,3376.6168317043484,3043.6499257819596,5974.259579638821,96.56113578910906,94.62431574919849,69.3971857131683,15218.317054007253,370.1034521600984,235.9651941681296,250.46113900287546,113.67741268126122,14.448887381060896,28.68555578492486,41.67958032028799,47.85867075386513,31.08126688654007,3.069091926983477,1.019022123427082,656.0286235169633,1237.691911722374,134.92855851124486
16583.32232165287,3400.1416637361303,3064.8764358444073,6015.922665653947,97.22303779647086,95.28641669718745,69.87950004012495,15324.35439860561,372.6726419073274,237.6011682498925,252.21143635086273,114.47512322086642,14.549799117367808,28.889501918355343,41.978733834078874,48.20319220980551,31.285213019970556,3.0809629845851196,1.0361976123096999,660.6180878872268,1246.3154976542023,135.87709135071353
16697.717540318125,3423.5952563661085,3086.0389995637092,6057.460109453533,97.88296106592206,95.9465155669759,70.36035776010068,15430.070674176071,375.2340679825707,239.23225383760368,253.95639050137274,115.2704444063498,14.65039014080236,29.092821321779194,42.27697794101876,48.54669793090755,31.488532423394407,3.092796006158774,1.0533220983366054,665.1939465973877,1254.9132164936327,136.82275160561386
16811.766315738776,3446.9778252375054,3107.13781050684,6098.872291359305,98.54091158714546,96.60461841889821,70.83976328227655,15535.466852601585,377.78775388663274,240.85846572884114,255.69601762838076,116.06338347033834,14.750661422169408,29.295515892321802,42.57431539390199,48.88919099182275,31.691226993937015,3.104591106840325,1.0703957358945546,669.7562408320757,1263.4851465409179,137.76554797132195
16925.469696606076,3470.2895853407863,3128.173061654843,6140.159590541745,99.19689533169293,97.26073129494397,71.31772100248696,15640.543902823183,380.3337230491804,242.47981867639038,257.430333856903,116.85394762356573,14.85061392933516,29.497587521365922,42.87074893719018,49.230674457895574,31.893298622981135,3.1163484014171403,1.0874186789029716,674.3050116512537,1272.0313658592936,138.70548911689283
17038.828728436867,3493.5307510156354,3149.144945404603,6181.322385023581,99.85091825304035,97.91486021881352,71.79423530326002,15745.302790848898,382.8719988289584,244.09632738837985,259.159355263145,117.64214405493863,14.95024862723607,29.699038094569044,43.16628130703736,49.571151385191605,32.09474919618426,3.1280680043291227,1.1043910808153625,678.8402999905952,1280.5519522756967,139.6425836851401
17151.844453583188,3516.701535952927,3170.053653570616,6222.361051683253,100.50298628664227,98.56701119597334,72.26931055385784,15849.74447976263,385.4026045140041,245.70800652841618,260.8830978746492,118.42797993160268,15.04956647788771,29.89986949188074,43.460915231315184,49.91062482052567,32.295580593495956,3.1397500296697634,1.121313094620727,683.3621466618606,1289.0469833814802,140.57684029271533
17264.51791124186,3539.802153196687,3190.899377386751,6263.275966258387,101.15310534998652,99.21719021371125,72.74295111031665,15953.869929733008,387.9255633218615,247.31487071571894,262.6015776704423,119.21146239900845,15.148568440393614,30.100083587559926,43.754653429637976,50.24909780148981,32.49579468917514,3.1513945911871897,1.1381848728449633,687.8705923532722,1297.5165365331263,141.50826753018737
17376.850137464022,3562.832815146054,3211.682307508008,6304.067503349238,101.80128134264855,99.8654032411914,73.2151613154869,16057.680098022203,390.44089839979443,248.91693452525504,264.31481058118214,119.99259858097707,15.247255470954082,30.299682250192102,44.04749861338773,50.58657335648121,32.69539335180732,3.163001802285211,1.1550065675522705,692.3656776298881,1305.9606888529577,142.43687396212115
17488.842165164675,3585.7937335572287,3232.40263401227,6344.736036422141,102.44752014634568,100.51165622950916,73.6859454990731,16161.17593899474,392.9486328249996,250.51421248787258,266.0228124893043,120.77139557976571,15.345628522874977,30.498667342706515,44.33945348573902,50.923054504730025,32.89437844432173,3.1745717760243615,1.1717783303465459,696.847442933975,1314.379517229846,143.36266812715658
17600.49502413216,3608.6851195454215,3253.060546402051,6385.281937812941,103.09182762499113,101.15595511174578,74.15530797767369,16264.358404126255,395.4487896048185,252.10671909043452,267.7255992291675,121.54786047613283,15.443688546576485,30.697040722393286,44.63052074168386,51.25854425632715,33.0927518240085,3.1861046251229377,1.1885003123727789,701.3159285853802,1322.7730983199183,144.28565853808684
17711.809741037625,3631.507183586792,3273.656233606235,6425.705578730411,103.73420962474792,101.79830580302298,74.62325305482062,16367.22844201225,397.9413916769489,253.69446877595175,269.42318658719995,122.32200032940328,15.541436489601852,30.89480424092048,44.920703068056454,51.59304561225185,33.2905153425357,3.1976004619580363,1.2051726643184393,705.7711747819019,1331.1415085472622,145.2058536819367
17822.787339444458,3654.260135520385,3294.189883981816,6466.007329259669,104.37467197408263,102.43871420055726,75.08978502101903,16469.78699837681,400.42646190965564,255.27747594371584,271.1155903020437,123.09382217753323,15.638873296626084,31.09195974435112,45.21000314355791,51.92656156439938,33.48767084596634,3.209059398566585,1.2217955364148627,710.2132215996585,1339.484824104628,146.12326202004056
17933.42883981771,3676.944184550057,3314.661685315626,6506.187558365577,105.01322048381893,103.0771861837141,75.55490815378653,16572.03501608129,402.90402310198084,256.85575494943146,272.8028260646997,123.86333303717474,15.73599990946464,31.288509073160157,45.49842363878085,52.259095095608444,33.684220174775376,3.2204815466463743,1.2383690784386314,714.6421089934572,1347.8031209541286,147.03789198812015
18043.735259533445,3699.5595392463997,3335.0718248260628,6546.246633896134,105.64986094719099,103.71372761406205,76.01862671769263,16673.97343513298,405.3740979839534,258.42932010534815,274.4849095186718,124.63053990374034,15.832817267082083,31.48445406225138,45.78596721623394,52.59064917968865,33.8801651638666,3.2318670175570827,1.2548934397129508,719.0578767971613,1356.0964748279382,147.9497519963621
18153.707612888127,3722.106407548658,3355.4204891648096,6586.184922585852,106.28459913989674,104.34834433542655,76.48094496439789,16775.60319269375,407.83670921679794,259.998185680392,276.1618562601108,125.39544975146731,15.929326305600707,31.679796540974294,46.07263653036639,52.92122678144779,34.075507642589514,3.2432159223213004,1.2713687691090212,723.4605647240559,1364.3649612289878,148.85885042949522
18263.346911107907,3744.584996766639,3375.7078644185513,6626.002790059131,106.91744082015097,104.98104217394362,76.94186713269302,16876.925223088667,410.29187939314306,261.56236590029675,277.83368183795744,126.15806953348172,16.025527958309144,31.87453833314091,46.358434227592326,53.25083085671915,34.27024943475613,3.25452837162555,1.287795215047407,727.8502123672132,1372.6086554316594,149.76519564686757
18372.65416235794,3766.99551358262,3395.934136110684,6665.700600833619,107.54839172873821,105.61182693811348,77.40139744853778,16977.940457814562,412.739631037229,263.12187494773457,279.50040175408554,126.91840618186242,16.121423155670943,32.068681257042535,46.64336294631513,53.57946435238861,34.464392358657754,3.2658044758213034,1.3041729254994003,732.2268591998564,1380.827632482478,150.66879598252325
18481.630371751642,3789.338164053245,3416.0994892030208,6705.27871832356,108.1774575890655,106.24070441885388,77.85954012509987,17078.64982554862,415.1799866051146,264.67672696244625,281.16203146344446,127.67646660770468,16.217012825333118,32.26222712546646,46.92742531695166,53.907130206421805,34.65793822708168,3.2770443449259963,1.3205020479883804,736.5905445757223,1389.021967200801,151.56965974527907
18590.276541359926,3811.6131536114203,3436.204108097491,6744.737504843134,108.80464410721501,106.86768038955334,78.31629936279366,17179.054252156886,417.6129684848837,266.22693604137146,282.818586374201,128.43225770118374,16.312297892134676,32.455177745712625,47.21062396195647,54.23383134789105,34.850888847327845,3.288248088624039,1.3367827295911707,740.9413077294231,1397.1917341795063,152.46779521880083
18698.59367022042,3833.820687068204,3456.2481766378355,6784.077321609791,109.42995697199649,107.4927606061242,78.77167934931876,17279.1546607028,420.038598996851,267.772516238778,284.47008184788115,129.18578633161815,16.407279278115116,32.647534919610244,47.492961495845876,54.5595706970023,35.043246021225464,3.299415816267825,1.3530151169393896,745.2791877768069,1405.3370077856769,153.36321066167955
18806.582754346637,3855.960968614684,3476.2318781112963,6823.298528747566,110.05340185499952,108.11595080705551,79.22568425969851,17378.95197145566,422.4569003937671,269.3134815663911,286.11653319951125,129.93705934753282,16.5019579025229,32.83930044353435,47.77444052522198,54.88435116512199,35.23501154514957,3.3105476368787357,1.3691993562207982,749.6042237153174,1413.4578621612852,154.25591430750723
18914.244786737137,3878.0342018238603,3496.1553952503004,6862.40148529039,110.67498441064566,108.73725671346584,79.67831825631839,17478.44710189909,424.867894861023,270.84984599352225,287.7579556977587,130.6860835767221,16.59633468182391,33.030476108422306,48.05506364879667,55.20817565480379,35.426187210037526,3.321643659148142,1.3853355931806446,753.9164544243521,1421.5543712238748,155.1459143649527
19021.580757384658,3900.0405896525103,3516.01891023414,6901.386549185393,111.29471027624042,109.35668402915576,80.12958548896422,17577.640966739484,427.27160451685404,272.3816234471975,289.39436456507224,131.4328658263124,16.690410529709865,33.22106369979027,48.334833457415456,55.53104705981526,35.61677480140549,3.3327039914384047,1.401423973123002,758.2159186656198,1429.6266086672388,156.03321901783687
19128.5916532852,3921.9803344430584,3535.8226046906475,6940.254077296189,111.91258507202505,109.97423844066034,80.57949009486036,17676.534477914378,429.6680514125432,273.9088278122855,291.02577497782204,132.17741288282485,16.784186357106716,33.41106499774961,48.613752534081314,55.85296826516447,35.80677609936483,3.3437287417838677,1.4174646409121059,762.5026550834967,1437.6746479620974,156.91783642520812
19235.27845844711,3943.8536379254333,3555.566659697862,6979.0044254061595,112.52861440122823,110.58992561730138,81.02803619870767,17775.12854460087,432.05725753262374,275.431472931625,292.65220206643903,132.91973151223763,16.877663072183022,33.600481777023255,48.89182345397841,56.173942147126525,35.996192878638475,3.354718017891854,1.4334577409736842,766.7767022053816,1445.698562356774,157.7997747214172
19341.642153900113,3965.660701218923,3575.251255785697,7017.63794822172,113.1428038501175,111.20375121123949,81.47522791272146,17873.424073223952,434.43924479508127,276.9495726061524,294.273660915554,133.65982846004815,16.9708415803583,33.789315806962,49.16904878449577,56.49397157326995,36.18502690857722,3.3656719271436537,1.4494034172962849,771.0380984420501,1453.6984248778667,158.67904201619203
19447.683717704345,3987.4017248340233,3594.8765729375978,7056.154999375583,113.7551589880507,111.8157208575261,81.92106933666929,17971.421967464852,436.81403505155515,278.4631405950281,295.89016656413617,134.39771045133503,17.06372278431134,33.9775688515608,49.44543108525088,56.81305940248311,36.37327995317602,3.376590576595511,1.4653018134325995,775.2868820880075,1461.6743083309218,159.5556463947121
19553.404124959332,4009.0769086742803,3614.4427905921953,7094.55593143001,114.36568536752706,112.42584017415521,82.36556455790863,18069.12312826933,439.1816500875394,279.9721906157634,297.50173400563153,135.13338419081995,17.156307583988504,34.16524266947492,49.720972908113204,57.13120848500043,36.56095377109014,3.3874740729796096,1.4811530725007827,779.5230913218408,1469.6262853011006,160.42959591768303
19658.804347812944,4030.6864520381278,3633.950087644956,7132.841095880043,114.97438852423831,113.03411476211502,82.8087176514244,18166.528453855968,441.54211162258287,281.47673634434636,299.10837818810063,135.86685636292924,17.24859687661199,34.35233901403618,49.995676797227645,57.448421662428615,36.7480501156514,3.398322522705051,1.496957337185767,783.7467642065695,1477.5544281538478,161.3008986214104
19763.885355470346,4052.230553620718,3653.398642449826,7171.010843156746,115.58127397711948,113.64055020543944,83.2505326798665,18263.638839724415,443.89544131048876,282.9767914153675,300.7101140143558,136.59813363185535,17.3405915566881,34.538859633269006,50.26954528903792,57.76470176777278,36.934570734884225,3.4091360318588357,1.5127147497405748,787.9579386899958,1485.4588090355567,162.16956251787377
19868.64811420289,4073.70941151575,3672.7886328208706,7209.065522630417,116.18634722839971,114.24515207125935,83.69101369358704,18360.455178663633,446.24166073951386,284.4723694221451,302.3069563420983,137.32722264161805,17.43229251601543,34.72480626990651,50.54258091230988,58.08005162546246,37.12051737152173,3.4199147062068356,1.5284254519876255,792.1566526050527,1493.3394998742313,163.03559559480024
